,Year,County,Cases,Area_km,Perm_pop,Live-births,Infant_deaths,Children,Internal_immigration,Internal_emmigration,Dwellings,Street_taps,HH_water_net,HH_water_net_CY,HH_sewer_net,HH_electric_net,HH_gas_net,HH_dist_heat_net,HH_hot_water_net,HH_trash_serv,Num_general_pract,Num_pediatrican,GP_Nurses,Hospital_Beds,Gyno_ped_nurses,Pharmacies,Branch_pharmacies,Job_seekers,BACS_adjacent,BARANYA_adjacent,BEKES_adjacent,BORSOD_adjacent,BUDAPEST_adjacent,CSONGRAD_adjacent,FEJER_adjacent,GYOR_adjacent,HAJDU_adjacent,HEVES_adjacent,JASZ_adjacent,KOMAROM_adjacent,NOGRAD_adjacent,PEST_adjacent,SOMOGY_adjacent,SZABOLCS_adjacent,TOLNA_adjacent,VAS_adjacent,VESZPREM_adjacent,ZALA_adjacent
0,2005,BACS,2766,8445.15,547459.0,4895.0,47.0,84717.0,20899.0,21033.0,235149.0,1860.0,204260.0,1745.0,89643.0,274186.0,172283.0,15940.0,14750.0,182004.0,261.0,85.0,294.0,3455.0,263.0,128.0,26.0,23623.0,0,1,0,0,0,1,1,0,0,0,1,0,0,1,0,0,1,0,0,0
1,2006,BACS,1969,8445.33,545618.0,5141.0,27.0,82800.0,23404.0,24004.0,236054.0,1826.0,205796.0,2084.0,92972.0,275254.0,174230.0,15910.0,14928.0,185560.0,263.0,84.0,293.0,3423.0,267.0,129.0,26.0,24346.0,0,1,0,0,0,1,1,0,0,0,1,0,0,1,0,0,1,0,0,0
2,2007,BACS,2197,8444.72,544429.0,4951.0,28.0,81009.0,23615.0,24959.0,236875.0,1822.0,207121.0,1806.0,98406.0,278352.0,175946.0,15910.0,14932.0,188068.0,257.0,85.0,288.0,2985.0,261.0,134.0,24.0,26526.0,0,1,0,0,0,1,1,0,0,0,1,0,0,1,0,0,1,0,0,0
3,2008,BACS,1711,8444.83,542876.0,5041.0,39.0,79777.0,18218.0,19622.0,237717.0,1806.0,208549.0,1595.0,110261.0,278651.0,177371.0,15910.0,14888.0,184570.0,262.0,86.0,298.0,2985.0,264.0,152.0,27.0,28980.0,0,1,0,0,0,1,1,0,0,0,1,0,0,1,0,0,1,0,0,0
4,2009,BACS,1607,8444.83,541005.0,4905.0,36.0,78289.0,17367.0,18773.0,238229.0,1791.0,209194.0,811.0,112728.0,277852.0,179184.0,15946.0,14887.0,185117.0,259.0,86.0,296.0,2970.0,257.4,158.0,23.0,36682.0,0,1,0,0,0,1,1,0,0,0,1,0,0,1,0,0,1,0,0,0
5,2010,BACS,2803,8444.81,538456.0,4480.0,27.0,76690.0,17143.0,18743.0,238834.0,1742.0,208385.0,1063.0,113648.0,277259.0,182809.0,15946.0,14895.0,186425.0,250.0,83.0,277.0,3010.0,260.0,161.0,27.0,35211.0,0,1,0,0,0,1,1,0,0,0,1,0,0,1,0,0,1,0,0,0
6,2011,BACS,1616,8444.83,536409.0,4318.0,27.0,75570.0,22035.0,22612.0,239346.0,1622.0,208461.0,662.0,114780.0,276691.0,179703.0,15933.0,14880.0,184848.0,245.0,82.0,287.0,2995.0,261.0,161.0,27.0,32136.0,0,1,0,0,0,1,1,0,0,0,1,0,0,1,0,0,1,0,0,0
7,2012,BACS,1927,8444.83,534545.0,4453.0,22.0,74980.0,23504.0,23623.0,239759.0,1640.0,209505.0,780.0,119072.0,276232.0,175883.0,15941.0,14887.0,181941.0,244.0,81.0,284.0,2830.0,267.31,153.0,29.0,33594.0,0,1,0,0,0,1,1,0,0,0,1,0,0,1,0,0,1,0,0,0
8,2013,BACS,951,8445.17,532822.0,4523.0,19.0,74452.0,22470.0,23125.0,240049.0,1626.0,210107.0,650.0,121209.0,278216.0,172957.0,15884.0,15068.0,0.0,250.0,81.0,288.0,2830.0,266.93,151.0,29.0,25061.0,0,1,0,0,0,1,1,0,0,0,1,0,0,1,0,0,1,0,0,0
9,2014,BACS,1854,8443.12,530565.0,4619.0,20.0,74138.0,23020.0,24260.0,240235.0,1646.0,208548.0,581.0,123451.0,278035.0,172035.0,15811.0,14994.0,0.0,249.0,81.0,296.0,2900.0,269.0,150.0,30.0,23356.0,0,1,0,0,0,1,1,0,0,0,1,0,0,1,0,0,1,0,0,0
10,2005,BARANYA,2051,4429.47,404184.0,3672.0,18.0,60107.0,19753.0,19888.0,161454.0,1064.0,157561.0,2260.0,113153.0,200467.0,86438.0,40332.0,37453.0,151081.0,222.0,65.0,254.0,3439.0,204.0,82.0,31.0,22084.0,1,0,0,0,0,0,0,0,0,0,0,0,0,0,1,0,1,0,0,0
11,2006,BARANYA,1863,4429.6,402993.0,3812.0,16.0,59025.0,21664.0,21693.0,162522.0,1018.0,158873.0,1671.0,116807.0,202852.0,88768.0,40388.0,37627.0,150444.0,221.0,67.0,240.0,3473.0,219.0,82.0,32.0,21064.0,1,0,0,0,0,0,0,0,0,0,0,0,0,0,1,0,1,0,0,0
12,2007,BARANYA,2345,4429.61,402318.0,3704.0,23.0,58132.0,22587.0,22912.0,163706.0,1082.0,160296.0,1885.0,118413.0,206187.0,90509.0,40644.0,37877.0,151782.0,223.0,66.0,250.0,3107.0,216.0,89.0,33.0,23024.0,1,0,0,0,0,0,0,0,0,0,0,0,0,0,1,0,1,0,0,0
13,2008,BARANYA,1815,4429.6,401129.0,3661.0,18.0,57077.0,17476.0,18046.0,164554.0,1046.0,161088.0,1169.0,120133.0,209128.0,91012.0,40785.0,38019.0,151006.0,221.0,68.0,247.0,3226.0,207.0,93.0,43.0,24264.0,1,0,0,0,0,0,0,0,0,0,0,0,0,0,1,0,1,0,0,0
14,2009,BARANYA,1591,4429.6,399870.0,3589.0,16.0,56290.0,16210.0,16948.0,165449.0,1053.0,162156.0,1295.0,121446.0,207490.0,93020.0,40755.0,37978.0,150825.0,219.0,68.0,248.0,3167.0,209.0,97.0,31.0,29070.0,1,0,0,0,0,0,0,0,0,0,0,0,0,0,1,0,1,0,0,0
15,2010,BARANYA,2656,4429.59,397973.0,3367.0,21.0,55359.0,16209.0,17222.0,165871.0,1047.0,161814.0,224.0,118751.0,206013.0,94987.0,40768.0,38001.0,151156.0,219.0,65.0,239.0,3233.0,216.0,100.0,31.0,28874.0,1,0,0,0,0,0,0,0,0,0,0,0,0,0,1,0,1,0,0,0
16,2011,BARANYA,1272,4429.59,396392.0,3240.0,13.0,54599.0,19350.0,20575.0,166957.0,979.0,160242.0,92.0,119504.0,202913.0,91843.0,40798.0,38039.0,150680.0,218.0,66.0,244.0,3216.0,216.0,101.0,31.0,28731.0,1,0,0,0,0,0,0,0,0,0,0,0,0,0,1,0,1,0,0,0
17,2012,BARANYA,907,4429.59,394414.0,3145.0,15.0,54041.0,19814.0,21366.0,167208.0,909.0,162451.0,967.0,118918.0,206128.0,89097.0,40792.0,38020.0,150179.0,212.0,67.0,251.0,3123.0,214.0,97.0,35.0,28659.0,1,0,0,0,0,0,0,0,0,0,0,0,0,0,1,0,1,0,0,0
18,2013,BARANYA,2221,4429.59,392917.0,3084.0,15.0,53670.0,19395.0,20284.0,167322.0,898.0,161359.0,694.0,121370.0,204645.0,90303.0,40888.0,38105.0,0.0,214.0,64.0,248.0,3121.0,204.0,95.0,33.0,18012.0,1,0,0,0,0,0,0,0,0,0,0,0,0,0,1,0,1,0,0,0
19,2014,BARANYA,1134,4429.7,391310.0,3163.0,14.0,53436.0,20975.0,21737.0,167440.0,828.0,161634.0,337.0,123648.0,204649.0,89566.0,41176.0,38089.0,0.0,215.0,65.0,250.0,3094.0,210.0,95.0,33.0,18182.0,1,0,0,0,0,0,0,0,0,0,0,0,0,0,1,0,1,0,0,0
20,2005,BEKES,3544,5629.69,391579.0,3287.0,27.0,57958.0,14623.0,15706.0,166551.0,2323.0,149748.0,118.0,72541.0,187544.0,137500.0,692.0,542.0,149122.0,189.0,56.0,219.0,2803.0,190.5,91.0,18.0,21555.0,0,0,0,0,0,1,0,0,1,0,1,0,0,0,0,0,0,0,0,0
21,2006,BEKES,1191,5629.69,388176.0,3115.0,17.0,56160.0,16162.0,17959.0,166905.0,2316.0,151272.0,1710.0,76030.0,190502.0,138581.0,689.0,539.0,149407.0,193.0,55.0,214.0,2803.0,199.0,91.0,19.0,22213.0,0,0,0,0,0,1,0,0,1,0,1,0,0,0,0,0,0,0,0,0
22,2007,BEKES,2780,5629.69,384672.0,3039.0,14.0,54535.0,15721.0,18521.0,167239.0,2305.0,155702.0,873.0,79078.0,190472.0,139561.0,661.0,510.0,148444.0,188.0,56.0,210.0,2427.0,188.5,93.0,20.0,24567.0,0,0,0,0,0,1,0,0,1,0,1,0,0,0,0,0,0,0,0,0
23,2008,BEKES,1451,5629.68,381024.0,3066.0,21.0,53088.0,12112.0,14937.0,167622.0,2213.0,156218.0,817.0,80561.0,190014.0,140336.0,618.0,466.0,148646.0,190.0,56.0,211.0,2427.0,188.5,100.0,18.0,25326.0,0,0,0,0,0,1,0,0,1,0,1,0,0,0,0,0,0,0,0,0
24,2009,BEKES,1409,5629.68,377825.0,2978.0,19.0,51802.0,11690.0,14090.0,167795.0,1837.0,156466.0,442.0,87689.0,189239.0,141048.0,537.0,388.0,148266.0,194.0,55.0,214.0,2477.0,186.5,101.0,20.0,29506.0,0,0,0,0,0,1,0,0,1,0,1,0,0,0,0,0,0,0,0,0
25,2010,BEKES,901,5629.71,374448.0,2582.0,12.0,50341.0,11870.0,14035.0,167963.0,1781.0,158114.0,117.0,88563.0,188420.0,145235.0,516.0,367.0,148463.0,188.0,52.0,211.0,2479.0,185.0,100.0,24.0,29223.0,0,0,0,0,0,1,0,0,1,0,1,0,0,0,0,0,0,0,0,0
26,2011,BEKES,1477,5629.72,371217.0,2692.0,17.0,49075.0,14867.0,16418.0,166646.0,1774.0,157607.0,119.0,90000.0,187241.0,140945.0,488.0,337.0,146399.0,185.0,52.0,205.0,2479.0,185.0,94.0,25.0,26103.0,0,0,0,0,0,1,0,0,1,0,1,0,0,0,0,0,0,0,0,0
27,2012,BEKES,648,5629.72,368449.0,2724.0,6.0,48304.0,15171.0,16243.0,166702.0,1755.0,157558.0,103.0,96793.0,186778.0,135950.0,439.0,327.0,142619.0,184.0,52.0,207.0,2449.0,171.5,88.0,26.0,24994.0,0,0,0,0,0,1,0,0,1,0,1,0,0,0,0,0,0,0,0,0
28,2013,BEKES,864,5629.72,366002.0,2702.0,13.0,47633.0,14649.0,16011.0,166768.0,2009.0,157520.0,39.0,102137.0,187311.0,133100.0,403.0,360.0,0.0,176.0,53.0,206.0,2449.0,170.5,89.0,26.0,16906.0,0,0,0,0,0,1,0,0,1,0,1,0,0,0,0,0,0,0,0,0
29,2014,BEKES,827,5629.69,363085.0,2797.0,21.0,47071.0,15279.0,16840.0,166761.0,1787.0,155986.0,57.0,107878.0,186680.0,128260.0,151.0,0.0,0.0,176.0,54.0,225.0,2429.0,177.5,89.0,25.0,15556.0,0,0,0,0,0,1,0,0,1,0,1,0,0,0,0,0,0,0,0,0
30,2005,BORSOD,4027,7247.28,743541.0,7442.0,67.0,127859.0,33204.0,36587.0,283447.0,8647.0,247315.0,3182.0,167787.0,309822.0,198377.0,53011.0,48044.0,261923.0,362.0,104.0,499.0,5377.0,401.5,132.0,65.0,56918.0,0,0,0,0,0,0,0,0,1,1,1,0,1,0,0,1,0,0,0,0
31,2006,BORSOD,2173,7248.28,738163.0,7772.0,83.0,124840.0,34448.0,39538.0,284410.0,8553.0,249994.0,2853.0,174275.0,310726.0,202365.0,52945.0,47953.0,264926.0,350.0,101.0,494.0,5413.0,411.0,132.0,66.0,55692.0,0,0,0,0,0,0,0,0,1,1,1,0,1,0,0,1,0,0,0,0
32,2007,BORSOD,3715,7250.0,732022.0,7317.0,87.0,121763.0,35677.0,42308.0,285521.0,8418.0,251970.0,2744.0,180253.0,321753.0,204585.0,53026.0,48105.0,264213.0,357.0,101.0,474.0,5223.0,415.0,142.0,68.0,61138.0,0,0,0,0,0,0,0,0,1,1,1,0,1,0,0,1,0,0,0,0
33,2008,BORSOD,3015,7249.96,726507.0,7425.0,72.0,119540.0,26333.0,32959.0,286428.0,8222.0,252826.0,1969.0,186855.0,321999.0,206347.0,53133.0,48151.0,267550.0,360.0,102.0,479.0,5069.0,396.0,157.0,75.0,62534.0,0,0,0,0,0,0,0,0,1,1,1,0,1,0,0,1,0,0,0,0
34,2009,BORSOD,3086,7249.96,721056.0,7142.0,64.0,116809.0,25425.0,31200.0,287033.0,7648.0,252858.0,1427.0,189118.0,323827.0,211716.0,53260.0,48042.0,279683.0,352.0,101.0,474.0,5135.0,413.5,158.0,71.0,72584.0,0,0,0,0,0,0,0,0,1,1,1,0,1,0,0,1,0,0,0,0
35,2010,BORSOD,2001,7249.67,715562.0,6686.0,43.0,114240.0,25076.0,30119.0,287336.0,7432.0,250304.0,491.0,189037.0,321407.0,217240.0,53233.0,47945.0,281334.0,348.0,95.0,480.0,5151.0,405.0,159.0,70.0,69304.0,0,0,0,0,0,0,0,0,1,1,1,0,1,0,0,1,0,0,0,0
36,2011,BORSOD,3276,7247.36,710307.0,6551.0,58.0,111893.0,31696.0,35383.0,284153.0,7306.0,252217.0,782.0,190544.0,324641.0,205559.0,53311.0,47965.0,276753.0,347.0,94.0,466.0,5185.0,405.0,161.0,73.0,66918.0,0,0,0,0,0,0,0,0,1,1,1,0,1,0,0,1,0,0,0,0
37,2012,BORSOD,3205,7247.42,705273.0,6699.0,49.0,109951.0,32507.0,35921.0,284351.0,7259.0,252612.0,1735.0,199776.0,322981.0,204150.0,53367.0,48100.0,275752.0,346.0,92.0,471.0,4854.0,394.0,151.0,71.0,67102.0,0,0,0,0,0,0,0,0,1,1,1,0,1,0,0,1,0,0,0,0
38,2013,BORSOD,2575,7247.43,700482.0,6652.0,73.0,108440.0,30025.0,33918.0,284577.0,7125.0,253015.0,2278.0,202643.0,310836.0,197870.0,53509.0,47715.0,0.0,342.0,93.0,462.0,4865.0,390.0,150.0,69.0,48387.0,0,0,0,0,0,0,0,0,1,1,1,0,1,0,0,1,0,0,0,0
39,2014,BORSOD,2724,7246.88,695756.0,7131.0,42.0,107746.0,32940.0,37022.0,284632.0,6983.0,253973.0,1154.0,206264.0,310087.0,196024.0,53350.0,47559.0,0.0,332.0,91.0,468.0,4850.0,385.0,149.0,77.0,47169.0,0,0,0,0,0,0,0,0,1,1,1,0,1,0,0,1,0,0,0,0
40,2005,BUDAPEST,4562,525.1,1690109.0,15911.0,72.0,210704.0,53922.0,58372.0,856181.0,1899.0,839207.0,8160.0,819426.0,861624.0,733699.0,240958.0,227742.0,843733.0,979.0,342.0,994.0,22467.0,702.0,376.0,0.0,20599.0,0,0,0,0,0,0,0,0,0,0,0,0,0,1,0,0,0,0,0,0
41,2006,BUDAPEST,6498,525.12,1684523.0,16830.0,86.0,209243.0,63537.0,65969.0,863330.0,1844.0,850748.0,10375.0,847068.0,887765.0,737975.0,241794.0,228352.0,855325.0,971.0,341.0,1006.0,22464.0,708.0,379.0,0.0,20831.0,0,0,0,0,0,0,0,0,0,0,0,0,0,1,0,0,0,0,0,0
42,2007,BUDAPEST,6311,525.12,1694005.0,16957.0,76.0,209512.0,73392.0,67501.0,872177.0,1651.0,860759.0,10760.0,852911.0,900481.0,743311.0,241179.0,227905.0,862467.0,949.0,338.0,965.0,19252.0,691.0,420.0,0.0,23292.0,0,0,0,0,0,0,0,0,0,0,0,0,0,1,0,0,0,0,0,0
43,2008,BUDAPEST,4441,525.13,1695023.0,17270.0,81.0,210417.0,54997.0,48365.0,881000.0,1474.0,872162.0,12026.0,852279.0,895923.0,746203.0,240699.0,227732.0,872177.0,959.0,339.0,985.0,18408.0,700.0,459.0,0.0,24997.0,0,0,0,0,0,0,0,0,0,0,0,0,0,1,0,0,0,0,0,0
44,2009,BUDAPEST,5527,525.13,1694942.0,17100.0,56.0,211881.0,55658.0,44977.0,889757.0,714.0,882509.0,11913.0,858082.0,925516.0,748283.0,237722.0,225323.0,877105.0,956.0,338.0,974.0,18498.0,719.0,452.0,0.0,41326.0,0,0,0,0,0,0,0,0,0,0,0,0,0,1,0,0,0,0,0,0
45,2010,BUDAPEST,5222,525.13,1694900.0,16458.0,62.0,214107.0,58274.0,43432.0,895400.0,714.0,890971.0,8462.0,864540.0,926163.0,757703.0,237824.0,225498.0,883100.0,962.0,334.0,985.0,18505.0,758.0,463.0,0.0,45603.0,0,0,0,0,0,0,0,0,0,0,0,0,0,1,0,0,0,0,0,0
46,2011,BUDAPEST,5404,525.09,1694426.0,16029.0,56.0,216110.0,64903.0,57554.0,905777.0,663.0,893869.0,2898.0,867504.0,927475.0,747287.0,237855.0,225557.0,895400.0,960.0,331.0,985.0,18578.0,719.0,432.0,0.0,42855.0,0,0,0,0,0,0,0,0,0,0,0,0,0,1,0,0,0,0,0,0
47,2012,BUDAPEST,5353,525.14,1694614.0,16507.0,48.0,219422.0,69226.0,61119.0,906782.0,658.0,896227.0,2358.0,869025.0,978515.0,748921.0,238224.0,225922.0,898087.0,952.0,326.0,974.0,18360.0,724.0,429.0,0.0,45619.0,0,0,0,0,0,0,0,0,0,0,0,0,0,1,0,0,0,0,0,0
48,2013,BUDAPEST,5157,525.14,1698406.0,16001.0,57.0,223060.0,65821.0,55456.0,908247.0,663.0,906782.0,0.0,870072.0,968078.0,755079.0,238198.0,225938.0,0.0,947.0,320.0,989.0,18441.0,710.0,410.0,0.0,36423.0,0,0,0,0,0,0,0,0,0,0,0,0,0,1,0,0,0,0,0,0
49,2014,BUDAPEST,4375,525.13,1704649.0,16048.0,60.0,226853.0,70907.0,60724.0,909962.0,673.0,908247.0,0.0,870898.0,971628.0,754551.0,238565.0,226370.0,0.0,937.0,318.0,1009.0,18358.0,715.0,436.0,0.0,32534.0,0,0,0,0,0,0,0,0,0,0,0,0,0,1,0,0,0,0,0,0
50,2005,CSONGRAD,1431,4262.82,426576.0,3931.0,38.0,63342.0,15323.0,15416.0,185810.0,921.0,167177.0,1782.0,100859.0,218526.0,160384.0,32718.0,31532.0,160651.0,226.0,71.0,244.0,3346.0,220.5,96.0,14.0,17384.0,1,0,1,0,0,0,0,0,0,0,1,0,0,0,0,0,0,0,0,0
51,2006,CSONGRAD,2703,4262.78,425823.0,3803.0,19.0,62085.0,18468.0,17810.0,186987.0,886.0,170684.0,3659.0,112970.0,220283.0,162010.0,32729.0,31542.0,165029.0,225.0,71.0,244.0,3377.0,220.0,96.0,16.0,15429.0,1,0,1,0,0,0,0,0,0,0,1,0,0,0,0,0,0,0,0,0
52,2007,CSONGRAD,1614,4262.77,425778.0,3883.0,20.0,61158.0,19392.0,18594.0,187979.0,820.0,172262.0,1555.0,119500.0,222433.0,163548.0,32752.0,31566.0,168078.0,220.0,71.0,241.0,3006.0,218.0,103.0,19.0,17132.0,1,0,1,0,0,0,0,0,0,0,1,0,0,0,0,0,0,0,0,0
53,2008,CSONGRAD,1222,4262.77,425632.0,3844.0,22.0,60194.0,15202.0,14667.0,189113.0,793.0,173473.0,1409.0,122337.0,223149.0,164772.0,32848.0,31662.0,171613.0,223.0,71.0,242.0,3014.0,223.0,119.0,18.0,18087.0,1,0,1,0,0,0,0,0,0,0,1,0,0,0,0,0,0,0,0,0
54,2009,CSONGRAD,2584,4262.77,424395.0,3611.0,15.0,59157.0,13946.0,13660.0,190460.0,817.0,174194.0,1447.0,123783.0,222966.0,166434.0,32847.0,31661.0,172835.0,220.0,70.0,240.0,3014.0,220.1,121.0,19.0,23078.0,1,0,1,0,0,0,0,0,0,0,1,0,0,0,0,0,0,0,0,0
55,2010,CSONGRAD,1119,4262.71,422746.0,3394.0,15.0,57936.0,13668.0,13556.0,191304.0,815.0,172302.0,1895.0,124544.0,223382.0,168424.0,32846.0,31660.0,172695.0,221.0,69.0,234.0,3014.0,266.0,122.0,19.0,22406.0,1,0,1,0,0,0,0,0,0,0,1,0,0,0,0,0,0,0,0,0
56,2011,CSONGRAD,1995,4262.71,421512.0,3356.0,21.0,57112.0,16733.0,16775.0,193414.0,790.0,172636.0,497.0,122577.0,222050.0,166948.0,32846.0,31660.0,171435.0,224.0,70.0,235.0,3014.0,213.0,120.0,19.0,20040.0,1,0,1,0,0,0,0,0,0,0,1,0,0,0,0,0,0,0,0,0
57,2012,CSONGRAD,1151,4262.71,420651.0,3383.0,16.0,56661.0,17872.0,18322.0,193961.0,787.0,176519.0,613.0,123892.0,221737.0,164467.0,32814.0,31628.0,165716.0,224.0,70.0,245.0,3020.0,210.58,115.0,17.0,21370.0,1,0,1,0,0,0,0,0,0,0,1,0,0,0,0,0,0,0,0,0
58,2013,CSONGRAD,1097,4262.7,419796.0,3320.0,11.0,56264.0,17202.0,17470.0,194224.0,667.0,177989.0,157.0,126582.0,223787.0,161687.0,32814.0,31628.0,0.0,225.0,69.0,244.0,3020.0,208.55,116.0,17.0,14293.0,1,0,1,0,0,0,0,0,0,0,1,0,0,0,0,0,0,0,0,0
59,2014,CSONGRAD,1521,4261.74,419149.0,3351.0,11.0,56103.0,17816.0,17940.0,194381.0,543.0,178118.0,127.0,137105.0,223602.0,157914.0,32813.0,31627.0,0.0,223.0,69.0,254.0,3020.0,211.5,116.0,17.0,13237.0,1,0,1,0,0,0,0,0,0,0,1,0,0,0,0,0,0,0,0,0
60,2005,FEJER,2468,4358.49,433945.0,4055.0,28.0,67373.0,20451.0,19887.0,165343.0,1856.0,159216.0,1199.0,105481.0,207918.0,143329.0,42778.0,32568.0,146137.0,199.0,65.0,250.0,2734.0,192.0,83.0,35.0,14179.0,1,0,0,0,0,0,0,0,0,0,0,1,0,1,1,0,1,0,1,0
61,2006,FEJER,1603,4358.48,433782.0,4178.0,24.0,65899.0,24322.0,23484.0,166509.0,981.0,160115.0,1495.0,108000.0,210190.0,145522.0,41681.0,32153.0,156640.0,200.0,64.0,242.0,2746.0,196.0,83.0,37.0,13261.0,1,0,0,0,0,0,0,0,0,0,0,1,0,1,1,0,1,0,1,0
62,2007,FEJER,1949,4358.46,434353.0,4078.0,32.0,64590.0,24911.0,24224.0,167322.0,902.0,161346.0,1537.0,113010.0,212823.0,147434.0,42080.0,32546.0,156716.0,201.0,64.0,241.0,2579.0,196.0,85.0,40.0,13337.0,1,0,0,0,0,0,0,0,0,0,0,1,0,1,1,0,1,0,1,0
63,2008,FEJER,2353,4358.46,434692.0,4109.0,19.0,63722.0,19524.0,19044.0,168358.0,889.0,162539.0,1554.0,115377.0,213690.0,147303.0,41746.0,32356.0,156884.0,200.0,64.0,238.0,2528.0,195.0,91.0,31.0,16529.0,1,0,0,0,0,0,0,0,0,0,0,1,0,1,1,0,1,0,1,0
64,2009,FEJER,1053,4358.46,433858.0,3937.0,22.0,62785.0,18155.0,18178.0,169249.0,782.0,163613.0,1339.0,119149.0,215153.0,146703.0,41808.0,32383.0,157408.0,196.0,62.0,242.0,2528.0,195.0,101.0,41.0,23448.0,1,0,0,0,0,0,0,0,0,0,0,1,0,1,1,0,1,0,1,0
65,2010,FEJER,1722,4358.45,432677.0,3762.0,13.0,61850.0,18666.0,18693.0,169812.0,766.0,164389.0,849.0,121515.0,214539.0,145004.0,41829.0,32370.0,157631.0,195.0,62.0,239.0,2579.0,200.0,99.0,42.0,23175.0,1,0,0,0,0,0,0,0,0,0,0,1,0,1,1,0,1,0,1,0
66,2011,FEJER,1789,4358.45,431759.0,3631.0,19.0,61259.0,22637.0,21949.0,174872.0,722.0,164477.0,398.0,122334.0,212285.0,141821.0,42260.0,32263.0,157714.0,195.0,60.0,239.0,2501.0,198.0,101.0,42.0,21146.0,1,0,0,0,0,0,0,0,0,0,0,1,0,1,1,0,1,0,1,0
67,2012,FEJER,2160,4358.45,431087.0,3741.0,19.0,61173.0,22136.0,22013.0,175167.0,732.0,165280.0,592.0,127331.0,213315.0,142198.0,41733.0,31749.0,157918.0,193.0,61.0,245.0,2343.0,194.0,102.0,39.0,21743.0,1,0,0,0,0,0,0,0,0,0,0,1,0,1,1,0,1,0,1,0
68,2013,FEJER,1039,4358.45,430136.0,3729.0,21.0,61049.0,21308.0,21561.0,175342.0,745.0,168915.0,757.0,133745.0,213651.0,143078.0,41688.0,31773.0,0.0,189.0,58.0,236.0,2514.0,203.0,95.0,39.0,14720.0,1,0,0,0,0,0,0,0,0,0,0,1,0,1,1,0,1,0,1,0
69,2014,FEJER,1232,4357.93,428866.0,3714.0,17.0,60926.0,23063.0,23540.0,175503.0,820.0,170229.0,546.0,137770.0,213765.0,141870.0,41608.0,31754.0,0.0,188.0,58.0,243.0,2316.0,196.0,94.0,38.0,13041.0,1,0,0,0,0,0,0,0,0,0,0,1,0,1,1,0,1,0,1,0
70,2005,GYOR,3524,4208.48,440628.0,4356.0,28.0,65188.0,19319.0,17893.0,175483.0,987.0,172484.0,3024.0,139435.0,207996.0,124418.0,34384.0,31264.0,167908.0,212.0,60.0,236.0,3415.0,216.0,84.0,53.0,9819.0,0,0,0,0,0,0,0,0,0,0,0,1,0,0,0,0,0,1,1,0
71,2006,GYOR,1977,4208.1,441711.0,4346.0,21.0,64718.0,22290.0,20993.0,176993.0,1007.0,174128.0,2014.0,143139.0,209929.0,128830.0,34466.0,31507.0,170037.0,214.0,60.0,234.0,3430.0,211.0,86.0,53.0,8199.0,0,0,0,0,0,0,0,0,0,0,0,1,0,0,0,0,0,1,1,0
72,2007,GYOR,2672,4208.25,443520.0,4186.0,20.0,64329.0,23951.0,21628.0,179189.0,1048.0,176223.0,2521.0,149260.0,212700.0,131578.0,34473.0,31518.0,171092.0,214.0,60.0,235.0,3196.0,213.0,92.0,53.0,8658.0,0,0,0,0,0,0,0,0,0,0,0,1,0,0,0,0,0,1,1,0
73,2008,GYOR,2453,4208.2,445264.0,4260.0,11.0,64155.0,19453.0,16423.0,180802.0,1034.0,177928.0,1897.0,152754.0,216152.0,134015.0,34426.0,31434.0,172379.0,211.0,60.0,235.0,3184.0,208.0,99.0,48.0,10260.0,0,0,0,0,0,0,0,0,0,0,0,1,0,0,0,0,0,1,1,0
74,2009,GYOR,1996,4208.2,446128.0,4227.0,21.0,63819.0,17605.0,15687.0,182403.0,1022.0,179601.0,1859.0,155450.0,216748.0,135659.0,34275.0,31221.0,172753.0,209.0,59.0,234.0,3184.0,209.0,106.0,47.0,14713.0,0,0,0,0,0,0,0,0,0,0,0,1,0,0,0,0,0,1,1,0
75,2010,GYOR,1863,4208.05,446329.0,3986.0,22.0,63315.0,17773.0,15796.0,183952.0,991.0,179056.0,1616.0,155401.0,217396.0,137573.0,34591.0,31148.0,175041.0,211.0,60.0,231.0,3202.0,211.0,110.0,50.0,13450.0,0,0,0,0,0,0,0,0,0,0,0,1,0,0,0,0,0,1,1,0
76,2011,GYOR,1737,4208.01,446930.0,3881.0,15.0,63232.0,22677.0,20081.0,188671.0,947.0,180369.0,1615.0,158691.0,216510.0,137388.0,34592.0,31146.0,174143.0,206.0,60.0,231.0,3202.0,211.0,109.0,50.0,10738.0,0,0,0,0,0,0,0,0,0,0,0,1,0,0,0,0,0,1,1,0
77,2012,GYOR,2354,4207.94,447922.0,4002.0,28.0,63515.0,24639.0,21241.0,189440.0,907.0,183837.0,2295.0,164028.0,218136.0,136617.0,34652.0,31188.0,176513.0,207.0,60.0,233.0,3185.0,212.0,103.0,48.0,11124.0,0,0,0,0,0,0,0,0,0,0,0,1,0,0,0,0,0,1,1,0
78,2013,GYOR,1696,4207.98,448500.0,3815.0,21.0,63724.0,23393.0,20364.0,190264.0,895.0,184344.0,1242.0,165190.0,218821.0,135733.0,34659.0,31203.0,0.0,201.0,58.0,235.0,3195.0,209.0,103.0,48.0,6319.0,0,0,0,0,0,0,0,0,0,0,0,1,0,0,0,0,0,1,1,0
79,2014,GYOR,1358,4208.18,449520.0,3961.0,22.0,64091.0,25798.0,23054.0,191202.0,872.0,184607.0,1402.0,168509.0,220427.0,137310.0,34672.0,31306.0,0.0,205.0,59.0,237.0,3225.0,208.0,103.0,48.0,5549.0,0,0,0,0,0,0,0,0,0,0,0,1,0,0,0,0,0,1,1,0
80,2005,HAJDU,4122,3637.23,325480.0,3027.0,18.0,49794.0,16242.0,16337.0,132641.0,1635.0,122555.0,861.0,67432.0,146799.0,107548.0,7373.0,6802.0,116768.0,157.0,37.0,199.0,2560.0,178.0,71.0,36.0,15505.0,0,0,1,1,0,0,0,0,0,0,1,0,0,0,0,1,0,0,0,0
81,2006,HAJDU,1762,3637.2,324080.0,2991.0,19.0,48900.0,17897.0,18141.0,133195.0,1579.0,123637.0,1194.0,70093.0,146662.0,109713.0,7457.0,6886.0,118849.0,151.0,34.0,203.0,2540.0,179.0,71.0,36.0,14911.0,0,0,1,1,0,0,0,0,0,0,1,0,0,0,0,1,0,0,0,0
82,2007,HAJDU,2863,3637.25,322605.0,2967.0,18.0,48066.0,17977.0,19294.0,133693.0,1560.0,124495.0,1269.0,77430.0,146371.0,111657.0,7556.0,6985.0,123605.0,154.0,36.0,195.0,2178.0,167.0,72.0,37.0,16686.0,0,0,1,1,0,0,0,0,0,0,1,0,0,0,0,1,0,0,0,0
83,2008,HAJDU,2287,3637.25,320659.0,2987.0,23.0,47350.0,13385.0,14524.0,134170.0,1487.0,125278.0,1023.0,80629.0,145752.0,112219.0,7630.0,7059.0,124200.0,160.0,37.0,193.0,2153.0,164.0,79.0,31.0,17750.0,0,0,1,1,0,0,0,0,0,0,1,0,0,0,0,1,0,0,0,0
84,2009,HAJDU,3386,3637.25,318337.0,2791.0,16.0,46537.0,12949.0,14166.0,134461.0,1402.0,126042.0,1195.0,84574.0,146360.0,112550.0,7641.0,7070.0,126164.0,155.0,37.0,192.0,2165.0,166.0,82.0,37.0,22664.0,0,0,1,1,0,0,0,0,0,0,1,0,0,0,0,1,0,0,0,0
85,2010,HAJDU,2034,3637.21,315739.0,2658.0,10.0,45839.0,12816.0,14343.0,134657.0,1289.0,126285.0,484.0,81559.0,145256.0,115906.0,7640.0,7069.0,124760.0,155.0,37.0,194.0,2165.0,162.0,83.0,37.0,21282.0,0,0,1,1,0,0,0,0,0,0,1,0,0,0,0,1,0,0,0,0
86,2011,HAJDU,2122,3637.19,313520.0,2643.0,12.0,45149.0,16277.0,17239.0,135150.0,1269.0,126437.0,506.0,82377.0,145986.0,111270.0,7641.0,7070.0,121359.0,153.0,37.0,190.0,2163.0,157.0,88.0,39.0,20652.0,0,0,1,1,0,0,0,0,0,0,1,0,0,0,0,1,0,0,0,0
87,2012,HAJDU,1880,3637.18,311253.0,2668.0,16.0,44381.0,16955.0,18215.0,135339.0,1194.0,125876.0,130.0,88298.0,147160.0,110475.0,7619.0,7054.0,120660.0,153.0,38.0,191.0,2173.0,155.0,83.0,40.0,20805.0,0,0,1,1,0,0,0,0,0,0,1,0,0,0,0,1,0,0,0,0
88,2013,HAJDU,2367,3637.18,309351.0,2605.0,16.0,43924.0,16012.0,17084.0,135419.0,1170.0,125860.0,146.0,96999.0,143569.0,106718.0,7622.0,7055.0,0.0,146.0,36.0,193.0,2173.0,154.0,80.0,40.0,14013.0,0,0,1,1,0,0,0,0,0,0,1,0,0,0,0,1,0,0,0,0
89,2014,HAJDU,1762,3637.19,307578.0,2777.0,13.0,43721.0,17214.0,17910.0,135489.0,1152.0,127401.0,168.0,100179.0,147655.0,106652.0,7622.0,7054.0,0.0,151.0,36.0,203.0,2188.0,151.0,79.0,42.0,14788.0,0,0,1,1,0,0,0,0,0,0,1,0,0,0,0,1,0,0,0,0
90,2005,HEVES,1841,6210.56,558411.0,5685.0,32.0,94889.0,20616.0,21655.0,219677.0,3434.0,207161.0,2479.0,109523.0,257879.0,154104.0,34474.0,34418.0,193941.0,258.0,90.0,298.0,4285.0,265.0,112.0,24.0,31914.0,0,0,0,1,0,0,0,0,0,0,1,0,1,1,0,0,0,0,0,0
91,2006,HEVES,1310,6210.57,556408.0,5551.0,23.0,92704.0,22841.0,24164.0,221004.0,3439.0,208810.0,2647.0,118306.0,259907.0,157656.0,34442.0,34386.0,199851.0,261.0,90.0,307.0,4290.0,273.0,112.0,26.0,33035.0,0,0,0,1,0,0,0,0,0,0,1,0,1,1,0,0,0,0,0,0
92,2007,HEVES,2973,6210.56,555592.0,5581.0,21.0,90768.0,24153.0,25202.0,222488.0,3125.0,211349.0,3025.0,138120.0,262427.0,159487.0,34394.0,34350.0,203942.0,260.0,86.0,307.0,3738.0,265.8,118.0,27.0,38745.0,0,0,0,1,0,0,0,0,0,0,1,0,1,1,0,0,0,0,0,0
93,2008,HEVES,1219,6210.5,554986.0,5550.0,20.0,89281.0,18374.0,20008.0,224150.0,3126.0,213773.0,2888.0,143629.0,263801.0,161485.0,34376.0,34334.0,207770.0,265.0,87.0,311.0,3713.0,273.0,124.0,23.0,38964.0,0,0,0,1,0,0,0,0,0,0,1,0,1,1,0,0,0,0,0,0
94,2009,HEVES,1614,6210.5,553761.0,5260.0,26.0,87618.0,18210.0,19514.0,225086.0,2961.0,215548.0,1962.0,146048.0,264738.0,167532.0,34342.0,34300.0,202934.0,265.0,88.0,310.0,3738.0,277.0,129.0,26.0,46767.0,0,0,0,1,0,0,0,0,0,0,1,0,1,1,0,0,0,0,0,0
95,2010,HEVES,916,6210.51,552292.0,4942.0,29.0,85522.0,17653.0,18913.0,225537.0,2964.0,215921.0,947.0,145110.0,264279.0,172033.0,34342.0,34300.0,201354.0,263.0,89.0,301.0,3738.0,279.0,134.0,25.0,47237.0,0,0,0,1,0,0,0,0,0,0,1,0,1,1,0,0,0,0,0,0
96,2011,HEVES,1778,6210.51,550939.0,4886.0,21.0,84047.0,21257.0,22881.0,230090.0,2855.0,216198.0,632.0,149908.0,262701.0,160005.0,34342.0,34310.0,200496.0,261.0,88.0,302.0,3738.0,281.0,139.0,25.0,44549.0,0,0,0,1,0,0,0,0,0,0,1,0,1,1,0,0,0,0,0,0
97,2012,HEVES,1374,6210.46,549949.0,4891.0,13.0,82994.0,21630.0,23624.0,230711.0,2861.0,216801.0,390.0,156827.0,262213.0,162427.0,34334.0,34140.0,200204.0,263.0,89.0,299.0,3583.0,274.0,133.0,26.0,46261.0,0,0,0,1,0,0,0,0,0,0,1,0,1,1,0,0,0,0,0,0
98,2013,HEVES,1144,6211.09,549515.0,4959.0,25.0,82228.0,21394.0,22664.0,230959.0,2841.0,217683.0,440.0,160445.0,261563.0,157363.0,34707.0,34142.0,0.0,255.0,86.0,289.0,3583.0,267.0,132.0,26.0,34420.0,0,0,0,1,0,0,0,0,0,0,1,0,1,1,0,0,0,0,0,0
99,2014,HEVES,1330,6208.58,548950.0,5382.0,18.0,81969.0,23097.0,25124.0,231585.0,2817.0,218000.0,473.0,161392.0,261579.0,160606.0,34739.0,34239.0,0.0,257.0,86.0,311.0,3583.0,266.0,132.0,24.0,32226.0,0,0,0,1,0,0,0,0,0,0,1,0,1,1,0,0,0,0,0,0
100,2005,JASZ,3486,5581.69,416196.0,3792.0,23.0,66545.0,16571.0,17970.0,170239.0,2371.0,161496.0,998.0,82909.0,193612.0,125720.0,8742.0,8756.0,140625.0,191.0,59.0,225.0,2675.0,196.5,83.0,26.0,20467.0,1,0,1,1,0,1,0,0,1,1,0,0,0,1,0,0,0,0,0,0
101,2006,JASZ,2516,5581.7,413126.0,3938.0,10.0,64751.0,18052.0,20311.0,170804.0,2293.0,162188.0,1074.0,89950.0,194095.0,129303.0,8752.0,8739.0,150429.0,194.0,60.0,233.0,2699.0,195.0,83.0,25.0,19326.0,1,0,1,1,0,1,0,0,1,1,0,0,0,1,0,0,0,0,0,0
102,2007,JASZ,1751,5581.7,409995.0,3822.0,23.0,63278.0,17678.0,20345.0,171436.0,2254.0,162867.0,1284.0,100184.0,194744.0,131242.0,8753.0,8734.0,153157.0,187.0,59.0,229.0,2495.0,184.0,85.0,26.0,21272.0,1,0,1,1,0,1,0,0,1,1,0,0,0,1,0,0,0,0,0,0
103,2008,JASZ,1981,5581.61,407131.0,3831.0,22.0,61982.0,13714.0,16303.0,172241.0,2142.0,163857.0,1279.0,107236.0,195324.0,132287.0,8725.0,8708.0,153572.0,195.0,59.0,227.0,2503.0,188.0,90.0,24.0,23659.0,1,0,1,1,0,1,0,0,1,1,0,0,0,1,0,0,0,0,0,0
104,2009,JASZ,2197,5581.61,404405.0,3774.0,28.0,60697.0,13378.0,15780.0,172747.0,2132.0,163989.0,1006.0,109268.0,195834.0,133545.0,8929.0,8924.0,152681.0,192.0,58.0,226.0,2534.0,193.0,95.0,25.0,29187.0,1,0,1,1,0,1,0,0,1,1,0,0,0,1,0,0,0,0,0,0
105,2010,JASZ,2700,5581.61,401368.0,3319.0,29.0,59207.0,13449.0,15384.0,172958.0,2083.0,164503.0,1468.0,113277.0,194445.0,136553.0,8910.0,8892.0,151764.0,181.0,55.0,216.0,2514.0,184.0,99.0,26.0,29677.0,1,0,1,1,0,1,0,0,1,1,0,0,0,1,0,0,0,0,0,0
106,2011,JASZ,2319,5581.6,398431.0,3230.0,14.0,57913.0,16940.0,18405.0,172340.0,1982.0,164311.0,583.0,114481.0,193845.0,132541.0,8922.0,8919.0,147502.0,186.0,54.0,226.0,2504.0,184.0,105.0,26.0,29539.0,1,0,1,1,0,1,0,0,1,1,0,0,0,1,0,0,0,0,0,0
107,2012,JASZ,982,5581.6,395747.0,3459.0,21.0,57139.0,17401.0,18921.0,172378.0,2001.0,164588.0,397.0,117771.0,192403.0,131987.0,8925.0,8919.0,144232.0,189.0,54.0,228.0,2379.0,189.0,95.0,29.0,29596.0,1,0,1,1,0,1,0,0,1,1,0,0,0,1,0,0,0,0,0,0
108,2013,JASZ,1558,5581.62,393312.0,3465.0,18.0,56551.0,17316.0,18484.0,172462.0,1897.0,165599.0,117.0,118566.0,192016.0,127593.0,8920.0,8920.0,0.0,185.0,55.0,221.0,2389.0,185.5,96.0,29.0,21304.0,1,0,1,1,0,1,0,0,1,1,0,0,0,1,0,0,0,0,0,0
109,2014,JASZ,1844,5581.37,390915.0,3665.0,22.0,56304.0,17636.0,19353.0,172559.0,1637.0,165983.0,1029.0,120226.0,192272.0,129372.0,8869.0,8859.0,0.0,191.0,53.0,242.0,2202.0,182.5,96.0,30.0,19702.0,1,0,1,1,0,1,0,0,1,1,0,0,0,1,0,0,0,0,0,0
110,2005,KOMAROM,2591,2265.08,317965.0,2974.0,19.0,48875.0,13880.0,13369.0,122534.0,315.0,116321.0,574.0,93297.0,155210.0,53117.0,37358.0,34379.0,116778.0,152.0,50.0,177.0,2048.0,146.5,63.0,17.0,9375.0,0,0,0,0,0,0,1,1,0,0,0,0,0,1,0,0,0,0,1,0
111,2006,KOMAROM,1434,2264.87,317451.0,2957.0,19.0,47869.0,16246.0,15281.0,123151.0,289.0,116431.0,765.0,94734.0,156622.0,55526.0,37337.0,34550.0,118594.0,150.0,49.0,176.0,2105.0,153.0,63.0,16.0,8066.0,0,0,0,0,0,0,1,1,0,0,0,0,0,1,0,0,0,0,1,0
112,2007,KOMAROM,1500,2264.67,317719.0,3014.0,24.0,47144.0,16828.0,16663.0,123826.0,265.0,117320.0,1577.0,98644.0,158389.0,56571.0,37414.0,34290.0,117317.0,150.0,49.0,172.0,1920.0,153.0,66.0,16.0,7513.0,0,0,0,0,0,0,1,1,0,0,0,0,0,1,0,0,0,0,1,0
113,2008,KOMAROM,1479,2264.63,317483.0,3032.0,22.0,46578.0,13607.0,13032.0,124468.0,260.0,118006.0,1042.0,99721.0,159299.0,57558.0,37262.0,33996.0,118160.0,151.0,50.0,180.0,1953.0,148.0,72.0,15.0,9396.0,0,0,0,0,0,0,1,1,0,0,0,0,0,1,0,0,0,0,1,0
114,2009,KOMAROM,1394,2264.63,316236.0,3004.0,13.0,45845.0,11861.0,12097.0,125079.0,248.0,118373.0,784.0,100249.0,160570.0,58105.0,37202.0,33963.0,114530.0,148.0,50.0,177.0,1923.0,150.0,73.0,19.0,16035.0,0,0,0,0,0,0,1,1,0,0,0,0,0,1,0,0,0,0,1,0
115,2010,KOMAROM,1555,2264.52,315203.0,2801.0,13.0,45217.0,11909.0,11978.0,125397.0,245.0,118624.0,340.0,100189.0,160125.0,59386.0,37191.0,33942.0,115969.0,142.0,48.0,170.0,1926.0,146.0,73.0,19.0,14500.0,0,0,0,0,0,0,1,1,0,0,0,0,0,1,0,0,0,0,1,0
116,2011,KOMAROM,1360,2264.35,314344.0,2655.0,6.0,44710.0,14719.0,14891.0,127464.0,282.0,118693.0,181.0,100325.0,159188.0,58727.0,37292.0,34009.0,114976.0,146.0,50.0,176.0,1950.0,148.0,73.0,19.0,12800.0,0,0,0,0,0,0,1,1,0,0,0,0,0,1,0,0,0,0,1,0
117,2012,KOMAROM,816,2264.34,313229.0,2848.0,16.0,44451.0,15081.0,15505.0,127681.0,269.0,118922.0,134.0,102881.0,159322.0,57577.0,37305.0,33945.0,114550.0,147.0,50.0,175.0,1843.0,145.0,70.0,21.0,14084.0,0,0,0,0,0,0,1,1,0,0,0,0,0,1,0,0,0,0,1,0
118,2013,KOMAROM,612,2264.32,312026.0,2665.0,16.0,44208.0,14026.0,14370.0,127758.0,242.0,118997.0,136.0,103074.0,159244.0,56522.0,37415.0,34010.0,0.0,148.0,49.0,173.0,1843.0,139.0,70.0,21.0,9734.0,0,0,0,0,0,0,1,1,0,0,0,0,0,1,0,0,0,0,1,0
119,2014,KOMAROM,645,2263.99,311155.0,2874.0,12.0,44249.0,15091.0,15467.0,127840.0,259.0,125282.0,96.0,115678.0,159730.0,56598.0,37419.0,33909.0,0.0,146.0,49.0,179.0,1843.0,135.5,70.0,20.0,8353.0,0,0,0,0,0,0,1,1,0,0,0,0,0,1,0,0,0,0,1,0
120,2005,NOGRAD,852,2545.56,217701.0,1914.0,8.0,33702.0,9260.0,9568.0,89255.0,1148.0,78485.0,744.0,51162.0,98148.0,50727.0,4302.0,4003.0,79088.0,107.0,26.0,144.0,1619.0,99.0,37.0,29.0,15242.0,0,0,0,1,0,0,0,0,0,1,0,0,0,1,0,0,0,0,0,0
121,2006,NOGRAD,1415,2545.51,216307.0,1961.0,13.0,32903.0,9909.0,10701.0,89519.0,988.0,79108.0,726.0,55466.0,97486.0,52596.0,4302.0,4003.0,79193.0,105.0,24.0,146.0,1622.0,98.0,38.0,28.0,15067.0,0,0,0,1,0,0,0,0,0,1,0,0,0,1,0,0,0,0,0,0
122,2007,NOGRAD,2039,2545.51,214439.0,1863.0,10.0,32080.0,10011.0,11597.0,89742.0,1076.0,79987.0,912.0,56089.0,97110.0,53689.0,4302.0,4003.0,79886.0,100.0,25.0,140.0,1474.0,98.0,39.0,33.0,16398.0,0,0,0,1,0,0,0,0,0,1,0,0,0,1,0,0,0,0,0,0
123,2008,NOGRAD,1135,2545.52,212644.0,1814.0,12.0,31360.0,7468.0,8966.0,89964.0,1026.0,80134.0,562.0,58122.0,97246.0,54465.0,3800.0,3783.0,79192.0,99.0,23.0,137.0,1442.0,94.0,40.0,27.0,17141.0,0,0,0,1,0,0,0,0,0,1,0,0,0,1,0,0,0,0,0,0
124,2009,NOGRAD,1255,2545.52,210848.0,1779.0,15.0,30530.0,7383.0,8906.0,90096.0,1001.0,80363.0,492.0,59725.0,97444.0,54773.0,3800.0,3783.0,78634.0,102.0,23.0,137.0,1455.0,96.0,42.0,31.0,20364.0,0,0,0,1,0,0,0,0,0,1,0,0,0,1,0,0,0,0,0,0
125,2010,NOGRAD,675,2545.48,208894.0,1668.0,8.0,29724.0,7696.0,9430.0,90206.0,1013.0,80733.0,231.0,60559.0,96340.0,55503.0,3920.0,3903.0,77940.0,100.0,23.0,133.0,1455.0,96.0,44.0,32.0,19523.0,0,0,0,1,0,0,0,0,0,1,0,0,0,1,0,0,0,0,0,0
126,2011,NOGRAD,742,2545.47,206875.0,1590.0,13.0,28995.0,9564.0,11076.0,89217.0,993.0,80400.0,148.0,60917.0,96510.0,53975.0,3920.0,3903.0,76706.0,106.0,22.0,129.0,1455.0,99.0,41.0,32.0,18890.0,0,0,0,1,0,0,0,0,0,1,0,0,0,1,0,0,0,0,0,0
127,2012,NOGRAD,1252,2545.47,205346.0,1630.0,13.0,28633.0,10412.0,11269.0,89285.0,979.0,80718.0,132.0,62947.0,97266.0,53602.0,3929.0,3950.0,76254.0,103.0,23.0,125.0,1440.0,93.0,38.0,30.0,20250.0,0,0,0,1,0,0,0,0,0,1,0,0,0,1,0,0,0,0,0,0
128,2013,NOGRAD,1248,2545.29,203811.0,1706.0,11.0,28224.0,8844.0,9898.0,89302.0,904.0,78378.0,104.0,61798.0,93451.0,51789.0,3934.0,3900.0,0.0,102.0,23.0,122.0,1440.0,93.0,37.0,30.0,11608.0,0,0,0,1,0,0,0,0,0,1,0,0,0,1,0,0,0,0,0,0
129,2014,NOGRAD,793,2544.23,201985.0,1686.0,6.0,27965.0,9441.0,10434.0,89236.0,949.0,78573.0,595.0,62284.0,91583.0,52000.0,3934.0,3900.0,0.0,105.0,21.0,128.0,1440.0,92.0,37.0,33.0,14281.0,0,0,0,1,0,0,0,0,0,1,0,0,0,1,0,0,0,0,0,0
130,2005,PEST,4707,6393.25,1157340.0,12238.0,54.0,196501.0,64359.0,50461.0,422759.0,3554.0,387988.0,5879.0,232599.0,560477.0,359424.0,20095.0,19766.0,372007.0,467.0,181.0,501.0,3591.0,493.5,205.0,51.0,19981.0,1,0,0,0,1,0,1,0,0,1,1,1,1,0,0,0,0,0,0,0
131,2006,PEST,4848,6393.14,1174321.0,12882.0,65.0,198259.0,75832.0,58864.0,428953.0,3468.0,393191.0,8264.0,246242.0,569353.0,369818.0,19950.0,19782.0,383399.0,479.0,180.0,503.0,3624.0,512.0,209.0,54.0,20077.0,1,0,0,0,1,0,1,0,0,1,1,1,1,0,0,0,0,0,0,0
132,2007,PEST,5943,6390.66,1196903.0,12520.0,68.0,200217.0,81401.0,64194.0,435455.0,3359.0,405307.0,11843.0,275101.0,565628.0,380762.0,19705.0,19524.0,392868.0,477.0,183.0,510.0,3500.0,515.0,234.0,51.0,22433.0,1,0,0,0,1,0,1,0,0,1,1,1,1,0,0,0,0,0,0,0
133,2008,PEST,3521,6390.72,1216056.0,13282.0,70.0,202204.0,66662.0,50015.0,443387.0,3217.0,415191.0,10506.0,288334.0,561320.0,390488.0,19939.0,19765.0,403396.0,473.0,187.0,519.0,3500.0,525.0,248.0,52.0,25347.0,1,0,0,0,1,0,1,0,0,1,1,1,1,0,0,0,0,0,0,0
134,2009,PEST,4304,6390.72,1229209.0,12937.0,49.0,203549.0,61356.0,48756.0,450340.0,3163.0,422661.0,7796.0,299665.0,570835.0,402916.0,19895.0,19723.0,410228.0,476.0,187.0,520.0,3500.0,541.0,259.0,54.0,39223.0,1,0,0,0,1,0,1,0,0,1,1,1,1,0,0,0,0,0,0,0
135,2010,PEST,5288,6391.14,1237141.0,12427.0,63.0,203316.0,58091.0,50525.0,454805.0,2966.0,431130.0,3249.0,310194.0,579664.0,411876.0,19981.0,19809.0,417411.0,475.0,190.0,524.0,3500.0,537.0,273.0,52.0,40814.0,1,0,0,0,1,0,1,0,0,1,1,1,1,0,0,0,0,0,0,0
136,2011,PEST,4522,6391.05,1244178.0,11828.0,44.0,203638.0,68390.0,61443.0,474780.0,3021.0,424957.0,2582.0,310717.0,581722.0,401984.0,19828.0,19584.0,420336.0,477.0,190.0,527.0,3368.0,558.0,273.0,52.0,40638.0,1,0,0,0,1,0,1,0,0,1,1,1,1,0,0,0,0,0,0,0
137,2012,PEST,3907,6391.02,1249243.0,11915.0,41.0,204073.0,70216.0,65062.0,477388.0,3044.0,433365.0,2401.0,327654.0,529572.0,401360.0,19742.0,19498.0,427894.0,475.0,193.0,524.0,3299.0,547.0,260.0,50.0,41049.0,1,0,0,0,1,0,1,0,0,1,1,1,1,0,0,0,0,0,0,0
138,2013,PEST,4608,6391.02,1253772.0,11563.0,42.0,204365.0,65823.0,61439.0,478662.0,3103.0,432342.0,2269.0,336975.0,524374.0,393095.0,19739.0,19566.0,0.0,475.0,191.0,526.0,3299.0,551.0,247.0,50.0,33223.0,1,0,0,0,1,0,1,0,0,1,1,1,1,0,0,0,0,0,0,0
139,2014,PEST,3297,6390.31,1260120.0,11763.0,47.0,205423.0,72182.0,65549.0,480144.0,3436.0,436211.0,2619.0,349244.0,525140.0,396214.0,19780.0,19605.0,0.0,483.0,194.0,553.0,3299.0,540.5,263.0,52.0,34866.0,1,0,0,0,1,0,1,0,0,1,1,1,1,0,0,0,0,0,0,0
140,2005,SOMOGY,1694,6065.08,337653.0,3057.0,11.0,51627.0,17258.0,17969.0,135983.0,572.0,130391.0,1821.0,79992.0,192454.0,95863.0,8229.0,7559.0,119160.0,176.0,41.0,202.0,2275.0,183.0,76.0,25.0,21141.0,0,1,0,0,0,0,1,0,0,0,0,0,0,0,0,0,1,0,1,1
141,2006,SOMOGY,2174,6065.07,336414.0,3033.0,21.0,50442.0,18801.0,19831.0,136794.0,557.0,131210.0,1135.0,81177.0,194493.0,97697.0,8229.0,7559.0,121240.0,179.0,39.0,196.0,2302.0,176.0,76.0,26.0,21979.0,0,1,0,0,0,0,1,0,0,0,0,0,0,0,0,0,1,0,1,1
142,2007,SOMOGY,1507,6065.07,334826.0,2862.0,21.0,49315.0,19368.0,20997.0,137570.0,553.0,132095.0,1138.0,83573.0,195705.0,99116.0,8230.0,7560.0,126069.0,177.0,39.0,200.0,2269.0,173.0,81.0,24.0,23853.0,0,1,0,0,0,0,1,0,0,0,0,0,0,0,0,0,1,0,1,1
143,2008,SOMOGY,1252,6065.07,333606.0,2792.0,15.0,48151.0,14684.0,16080.0,138186.0,510.0,132864.0,872.0,86088.0,196515.0,100267.0,8230.0,7559.0,129632.0,178.0,39.0,198.0,2241.0,175.0,87.0,33.0,24316.0,0,1,0,0,0,0,1,0,0,0,0,0,0,0,0,0,1,0,1,1
144,2009,SOMOGY,1476,6065.07,332043.0,2750.0,18.0,47059.0,14771.0,15441.0,138964.0,404.0,133976.0,1133.0,88113.0,198289.0,99978.0,8234.0,7565.0,129953.0,178.0,39.0,199.0,2239.0,175.0,85.0,28.0,28126.0,0,1,0,0,0,0,1,0,0,0,0,0,0,0,0,0,1,0,1,1
145,2010,SOMOGY,1299,6065.07,330300.0,2570.0,15.0,45948.0,14936.0,16056.0,139860.0,345.0,132331.0,215.0,87754.0,197877.0,102034.0,8194.0,7565.0,130595.0,174.0,38.0,199.0,2242.0,177.0,84.0,31.0,26910.0,0,1,0,0,0,0,1,0,0,0,0,0,0,0,0,0,1,0,1,1
146,2011,SOMOGY,1109,6065.07,328629.0,2520.0,13.0,45131.0,18091.0,18555.0,141260.0,348.0,131739.0,583.0,88758.0,196313.0,101741.0,8203.0,7542.0,130194.0,177.0,38.0,192.0,2307.0,175.0,84.0,32.0,24574.0,0,1,0,0,0,0,1,0,0,0,0,0,0,0,0,0,1,0,1,1
147,2012,SOMOGY,1464,6065.06,326951.0,2583.0,23.0,44354.0,18630.0,19206.0,141560.0,305.0,131969.0,542.0,90440.0,196926.0,101799.0,8204.0,7546.0,131687.0,177.0,38.0,196.0,2171.0,175.0,77.0,29.0,26036.0,0,1,0,0,0,0,1,0,0,0,0,0,0,0,0,0,1,0,1,1
148,2013,SOMOGY,1649,6065.06,325243.0,2537.0,25.0,43710.0,17511.0,18589.0,141759.0,342.0,132478.0,642.0,91744.0,197445.0,102916.0,8209.0,7531.0,0.0,177.0,38.0,199.0,2171.0,176.0,80.0,29.0,19920.0,0,1,0,0,0,0,1,0,0,0,0,0,0,0,0,0,1,0,1,1
149,2014,SOMOGY,788,6064.73,323465.0,2750.0,19.0,43361.0,18669.0,20115.0,142063.0,258.0,133287.0,367.0,94906.0,197445.0,103386.0,8203.0,7528.0,0.0,178.0,38.0,206.0,2171.0,173.0,80.0,29.0,19658.0,0,1,0,0,0,0,1,0,0,0,0,0,0,0,0,0,1,0,1,1
150,2005,SZABOLCS,1986,5936.5,592036.0,6347.0,52.0,109961.0,23055.0,25170.0,214891.0,7157.0,198150.0,3347.0,102159.0,240254.0,152242.0,19472.0,18862.0,188252.0,263.0,68.0,305.0,4066.0,334.0,119.0,62.0,43009.0,0,0,0,1,0,0,0,0,1,0,0,0,0,0,0,0,0,0,0,0
151,2006,SZABOLCS,1636,5936.55,589699.0,6495.0,52.0,107898.0,25798.0,28596.0,216372.0,6834.0,200862.0,3433.0,109763.0,241673.0,155356.0,19885.0,19066.0,196012.0,262.0,69.0,297.0,4086.0,330.0,120.0,62.0,44495.0,0,0,0,1,0,0,0,0,1,0,0,0,0,0,0,0,0,0,0,0
152,2007,SZABOLCS,2036,5936.55,587117.0,6246.0,38.0,105789.0,26153.0,30416.0,218010.0,6276.0,204318.0,3946.0,111509.0,243383.0,157353.0,19870.0,19086.0,198958.0,262.0,68.0,297.0,3908.0,329.0,130.0,60.0,52112.0,0,0,0,1,0,0,0,0,1,0,0,0,0,0,0,0,0,0,0,0
153,2008,SZABOLCS,1963,5936.54,584550.0,6210.0,29.0,103723.0,19686.0,25234.0,219326.0,6122.0,205102.0,1901.0,115233.0,243426.0,158216.0,19887.0,19076.0,196709.0,261.0,66.0,301.0,3908.0,319.0,143.0,55.0,56289.0,0,0,0,1,0,0,0,0,1,0,0,0,0,0,0,0,0,0,0,0
154,2009,SZABOLCS,1441,5936.54,582121.0,5944.0,30.0,101504.0,18748.0,23166.0,220230.0,6117.0,206156.0,2077.0,118853.0,243862.0,161233.0,19876.0,19079.0,194649.0,268.0,67.0,299.0,3908.0,321.0,149.0,63.0,61157.0,0,0,0,1,0,0,0,0,1,0,0,0,0,0,0,0,0,0,0,0
155,2010,SZABOLCS,921,5935.83,579554.0,5329.0,40.0,98856.0,19612.0,23897.0,220603.0,6011.0,204661.0,1052.0,120844.0,242287.0,166377.0,19873.0,19066.0,193604.0,265.0,67.0,303.0,3908.0,318.0,152.0,67.0,61480.0,0,0,0,1,0,0,0,0,1,0,0,0,0,0,0,0,0,0,0,0
156,2011,SZABOLCS,2219,5935.85,577420.0,5346.0,35.0,96431.0,23809.0,27116.0,218128.0,6020.0,205490.0,903.0,125060.0,240574.0,159955.0,19887.0,19077.0,194475.0,264.0,67.0,289.0,3908.0,320.0,152.0,68.0,57901.0,0,0,0,1,0,0,0,0,1,0,0,0,0,0,0,0,0,0,0,0
157,2012,SZABOLCS,1010,5935.87,576738.0,5583.0,31.0,94432.0,25235.0,28281.0,218311.0,6102.0,205304.0,532.0,130941.0,238972.0,157795.0,19653.0,18854.0,193192.0,268.0,66.0,297.0,3505.0,311.0,150.0,64.0,60212.0,0,0,0,1,0,0,0,0,1,0,0,0,0,0,0,0,0,0,0,0
158,2013,SZABOLCS,1428,5935.82,578004.0,5574.0,26.0,93246.0,24695.0,27726.0,218524.0,5837.0,202882.0,516.0,129702.0,238452.0,150321.0,19635.0,18841.0,0.0,258.0,66.0,297.0,3523.0,314.0,139.0,64.0,45580.0,0,0,0,1,0,0,0,0,1,0,0,0,0,0,0,0,0,0,0,0
159,2014,SZABOLCS,944,5933.19,581453.0,5891.0,27.0,93316.0,26641.0,29919.0,218613.0,5694.0,202137.0,611.0,134370.0,238001.0,150053.0,19636.0,18844.0,0.0,256.0,66.0,316.0,3523.0,318.0,145.0,69.0,42062.0,0,0,0,1,0,0,0,0,1,0,0,0,0,0,0,0,0,0,0,0
160,2005,TOLNA,955,3703.18,247098.0,2120.0,12.0,37065.0,11040.0,11960.0,97685.0,1391.0,92323.0,496.0,52304.0,115251.0,50052.0,11162.0,11087.0,87791.0,117.0,38.0,148.0,1615.0,125.0,51.0,26.0,12959.0,1,1,0,0,0,0,1,0,0,0,0,0,0,0,1,0,0,0,0,0
161,2006,TOLNA,1919,3703.21,245229.0,2091.0,11.0,35916.0,12050.0,13277.0,97962.0,1596.0,92777.0,634.0,55555.0,116253.0,51099.0,11181.0,11109.0,88346.0,115.0,38.0,138.0,1654.0,128.0,51.0,26.0,11944.0,1,1,0,0,0,0,1,0,0,0,0,0,0,0,1,0,0,0,0,0
162,2007,TOLNA,1114,3703.27,243685.0,2109.0,12.0,34929.0,12221.0,13654.0,98286.0,1316.0,93114.0,914.0,56864.0,116322.0,51876.0,11178.0,11084.0,88784.0,119.0,39.0,151.0,1572.0,125.0,52.0,24.0,12687.0,1,1,0,0,0,0,1,0,0,0,0,0,0,0,1,0,0,0,0,0
163,2008,TOLNA,835,3703.23,242125.0,2118.0,6.0,34149.0,9210.0,10834.0,98575.0,1268.0,93611.0,609.0,57748.0,117367.0,51883.0,11178.0,11084.0,87959.0,124.0,39.0,150.0,1572.0,125.0,56.0,29.0,13540.0,1,1,0,0,0,0,1,0,0,0,0,0,0,0,1,0,0,0,0,0
164,2009,TOLNA,1332,3703.23,240623.0,2039.0,8.0,33505.0,8943.0,10370.0,98723.0,1040.0,93940.0,416.0,58949.0,117112.0,52214.0,11179.0,11077.0,87368.0,117.0,38.0,149.0,1572.0,128.0,61.0,26.0,16274.0,1,1,0,0,0,0,1,0,0,0,0,0,0,0,1,0,0,0,0,0
165,2010,TOLNA,1119,3703.16,238817.0,1857.0,11.0,32683.0,8865.0,10042.0,98843.0,913.0,95123.0,418.0,59766.0,116315.0,52049.0,11093.0,10982.0,89435.0,117.0,36.0,151.0,1572.0,131.0,62.0,25.0,15072.0,1,1,0,0,0,0,1,0,0,0,0,0,0,0,1,0,0,0,0,0
166,2011,TOLNA,767,3703.18,237118.0,1807.0,8.0,31931.0,11124.0,12003.0,98020.0,1025.0,94769.0,218.0,60205.0,115053.0,50659.0,11090.0,10938.0,90071.0,120.0,36.0,152.0,1572.0,132.0,64.0,25.0,13837.0,1,1,0,0,0,0,1,0,0,0,0,0,0,0,1,0,0,0,0,0
167,2012,TOLNA,397,3703.15,235622.0,1945.0,10.0,31566.0,11765.0,12346.0,98083.0,1054.0,94902.0,102.0,62227.0,115519.0,47648.0,11088.0,10955.0,88745.0,113.0,35.0,151.0,1522.0,131.0,61.0,23.0,14763.0,1,1,0,0,0,0,1,0,0,0,0,0,0,0,1,0,0,0,0,0
168,2013,TOLNA,1579,3703.16,234202.0,1915.0,14.0,31337.0,10701.0,11467.0,98125.0,1306.0,93839.0,79.0,61822.0,115330.0,48049.0,11075.0,10942.0,0.0,113.0,35.0,149.0,1522.0,132.0,60.0,23.0,10877.0,1,1,0,0,0,0,1,0,0,0,0,0,0,0,1,0,0,0,0,0
169,2014,TOLNA,607,3703.03,232683.0,1976.0,11.0,31193.0,11902.0,12516.0,98180.0,1013.0,94614.0,272.0,64666.0,115381.0,47662.0,10967.0,10833.0,0.0,113.0,35.0,151.0,1522.0,132.0,60.0,24.0,9584.0,1,1,0,0,0,0,1,0,0,0,0,0,0,0,1,0,0,0,0,0
170,2005,VAS,2099,3336.13,266458.0,2228.0,12.0,38701.0,11459.0,11463.0,106871.0,819.0,103310.0,1534.0,67533.0,125005.0,67988.0,15971.0,9866.0,95739.0,144.0,42.0,156.0,1905.0,152.0,43.0,19.0,8529.0,0,0,0,0,0,0,0,1,0,0,0,0,0,0,0,0,0,0,1,1
171,2006,VAS,1623,3336.13,265686.0,2263.0,13.0,37815.0,12054.0,12242.0,107765.0,830.0,104386.0,1263.0,70953.0,126274.0,69884.0,16134.0,9754.0,96649.0,141.0,41.0,154.0,1905.0,150.0,42.0,20.0,7173.0,0,0,0,0,0,0,0,1,0,0,0,0,0,0,0,0,0,0,1,1
172,2007,VAS,760,3336.11,264791.0,2226.0,15.0,36997.0,12275.0,12527.0,108599.0,816.0,105275.0,1215.0,72575.0,128026.0,70834.0,15907.0,9842.0,98623.0,145.0,40.0,158.0,1824.0,145.0,44.0,19.0,7953.0,0,0,0,0,0,0,0,1,0,0,0,0,0,0,0,0,0,0,1,1
173,2008,VAS,610,3336.1,264165.0,2214.0,18.0,36305.0,9202.0,9333.0,109386.0,788.0,106211.0,1172.0,74135.0,129428.0,71844.0,16040.0,9964.0,99132.0,143.0,39.0,152.0,1824.0,140.0,52.0,26.0,8395.0,0,0,0,0,0,0,0,1,0,0,0,0,0,0,0,0,0,0,1,1
174,2009,VAS,2059,3336.1,263063.0,2117.0,18.0,35518.0,8628.0,9002.0,110069.0,757.0,107411.0,1356.0,77802.0,129142.0,72592.0,15708.0,9887.0,98905.0,140.0,39.0,153.0,1824.0,137.0,53.0,22.0,12982.0,0,0,0,0,0,0,0,1,0,0,0,0,0,0,0,0,0,0,1,1
175,2010,VAS,672,3336.14,261695.0,2018.0,15.0,34704.0,8753.0,9296.0,110485.0,758.0,107647.0,313.0,79411.0,129243.0,73686.0,15733.0,9892.0,98614.0,139.0,40.0,151.0,1814.0,137.0,55.0,24.0,10406.0,0,0,0,0,0,0,0,1,0,0,0,0,0,0,0,0,0,0,1,1
176,2011,VAS,905,3336.1,260355.0,1826.0,11.0,33973.0,11557.0,11053.0,110096.0,754.0,107454.0,234.0,79909.0,127820.0,72915.0,15727.0,9814.0,98948.0,135.0,36.0,147.0,1826.0,136.0,50.0,24.0,8294.0,0,0,0,0,0,0,0,1,0,0,0,0,0,0,0,0,0,0,1,1
177,2012,VAS,1144,3336.11,258955.0,1976.0,12.0,33605.0,12112.0,11698.0,110272.0,712.0,107641.0,206.0,83473.0,128702.0,72210.0,15502.0,9731.0,99360.0,136.0,36.0,148.0,1832.0,141.0,48.0,21.0,8594.0,0,0,0,0,0,0,0,1,0,0,0,0,0,0,0,0,0,0,1,1
178,2013,VAS,1001,3336.11,257718.0,1962.0,7.0,33425.0,11529.0,11028.0,110449.0,713.0,107856.0,198.0,84291.0,128803.0,71214.0,15499.0,9729.0,0.0,136.0,36.0,149.0,1867.0,143.0,47.0,21.0,6489.0,0,0,0,0,0,0,0,1,0,0,0,0,0,0,0,0,0,0,1,1
179,2014,VAS,855,3335.97,256427.0,1970.0,13.0,33210.0,12935.0,12236.0,110682.0,689.0,108199.0,317.0,85219.0,129091.0,71767.0,15500.0,9741.0,0.0,134.0,37.0,160.0,1867.0,141.0,47.0,20.0,5558.0,0,0,0,0,0,0,0,1,0,0,0,0,0,0,0,0,0,0,1,1
180,2005,VESZPREM,2916,4463.55,368659.0,3277.0,17.0,54737.0,18961.0,19291.0,144794.0,976.0,143037.0,1249.0,107131.0,204748.0,90382.0,23809.0,21160.0,129823.0,185.0,53.0,212.0,3213.0,190.0,76.0,50.0,12832.0,0,0,0,0,0,0,1,1,0,0,0,1,0,0,1,0,0,1,0,1
181,2006,VESZPREM,3679,4463.66,367707.0,3317.0,14.0,53360.0,20875.0,21304.0,145611.0,947.0,143561.0,928.0,112077.0,205000.0,92372.0,23273.0,20692.0,130392.0,180.0,53.0,205.0,3233.0,192.0,76.0,47.0,13485.0,0,0,0,0,0,0,1,1,0,0,0,1,0,0,1,0,0,1,0,1
182,2007,VESZPREM,2270,4463.61,366933.0,3220.0,10.0,52324.0,21477.0,22545.0,146994.0,838.0,144466.0,1642.0,116632.0,207038.0,94021.0,23348.0,20761.0,132146.0,181.0,52.0,208.0,3101.0,190.0,84.0,46.0,14053.0,0,0,0,0,0,0,1,1,0,0,0,1,0,0,1,0,0,1,0,1
183,2008,VESZPREM,1784,4463.63,366090.0,3326.0,15.0,51407.0,16457.0,16870.0,147849.0,806.0,145366.0,994.0,118507.0,206973.0,95697.0,22457.0,20653.0,131328.0,179.0,50.0,200.0,3101.0,183.0,87.0,48.0,16957.0,0,0,0,0,0,0,1,1,0,0,0,1,0,0,1,0,0,1,0,1
184,2009,VESZPREM,1232,4463.63,364881.0,3213.0,10.0,50748.0,15434.0,16045.0,148473.0,734.0,146034.0,823.0,120974.0,209533.0,96761.0,22331.0,20554.0,133763.0,179.0,48.0,201.0,3101.0,182.0,91.0,40.0,22380.0,0,0,0,0,0,0,1,1,0,0,0,1,0,0,1,0,0,1,0,1
185,2010,VESZPREM,2504,4463.65,363262.0,2934.0,17.0,49583.0,15408.0,16234.0,148807.0,668.0,146108.0,493.0,121186.0,209549.0,99797.0,22349.0,20551.0,133470.0,174.0,47.0,194.0,3101.0,188.0,93.0,42.0,19590.0,0,0,0,0,0,0,1,1,0,0,0,1,0,0,1,0,0,1,0,1
186,2011,VESZPREM,2379,4463.65,361779.0,2874.0,19.0,48827.0,19736.0,20165.0,150078.0,668.0,145519.0,433.0,121600.0,208410.0,97288.0,22350.0,20553.0,133946.0,175.0,48.0,196.0,3101.0,181.0,91.0,42.0,16794.0,0,0,0,0,0,0,1,1,0,0,0,1,0,0,1,0,0,1,0,1
187,2012,VESZPREM,1487,4463.72,360480.0,2983.0,23.0,48395.0,20247.0,20466.0,150308.0,680.0,146833.0,395.0,123812.0,209134.0,95846.0,22328.0,20541.0,133801.0,171.0,47.0,190.0,2903.0,181.5,81.0,35.0,17190.0,0,0,0,0,0,0,1,1,0,0,0,1,0,0,1,0,0,1,0,1
188,2013,VESZPREM,1427,4463.67,359103.0,2867.0,12.0,48082.0,19141.0,19704.0,150425.0,730.0,147277.0,475.0,124457.0,208966.0,96537.0,22312.0,20525.0,0.0,170.0,45.0,186.0,2898.0,178.0,87.0,35.0,13143.0,0,0,0,0,0,0,1,1,0,0,0,1,0,0,1,0,0,1,0,1
189,2014,VESZPREM,1534,4462.9,357539.0,2927.0,13.0,48067.0,20430.0,20812.0,150613.0,700.0,147554.0,420.0,125270.0,209053.0,95767.0,22322.0,20526.0,0.0,167.0,48.0,194.0,2903.0,178.0,85.0,35.0,10244.0,0,0,0,0,0,0,1,1,0,0,0,1,0,0,1,0,0,1,0,1
190,2005,ZALA,1591,3784.13,295387.0,2437.0,14.0,40753.0,12958.0,13158.0,122725.0,246.0,118203.0,2528.0,79570.0,164114.0,94543.0,1181.0,1023.0,110730.0,151.0,38.0,215.0,2717.0,168.5,62.0,34.0,13534.0,0,0,0,0,0,0,0,0,0,0,0,0,0,0,1,0,0,1,1,0
191,2006,ZALA,1648,3783.98,294830.0,2536.0,11.0,39892.0,14545.0,15033.0,123612.0,246.0,118452.0,1127.0,81097.0,166153.0,95757.0,1180.0,1022.0,113131.0,148.0,37.0,202.0,2658.0,169.0,64.0,35.0,12846.0,0,0,0,0,0,0,0,0,0,0,0,0,0,0,1,0,0,1,1,0
192,2007,ZALA,1236,3784.01,294297.0,2397.0,13.0,38998.0,15386.0,16093.0,124390.0,248.0,118735.0,1135.0,82333.0,167134.0,97065.0,1180.0,1022.0,113302.0,148.0,37.0,202.0,2148.0,168.0,68.0,36.0,13632.0,0,0,0,0,0,0,0,0,0,0,0,0,0,0,1,0,0,1,1,0
193,2008,ZALA,530,3784.01,293723.0,2520.0,11.0,38585.0,11380.0,11882.0,125531.0,246.0,119454.0,1587.0,85017.0,168621.0,97786.0,1180.0,1022.0,118803.0,147.0,37.0,198.0,2220.0,166.0,74.0,29.0,14620.0,0,0,0,0,0,0,0,0,0,0,0,0,0,0,1,0,0,1,1,0
194,2009,ZALA,909,3784.01,292176.0,2334.0,8.0,37708.0,10898.0,11859.0,126038.0,335.0,119568.0,1102.0,87772.0,169045.0,98677.0,1180.0,1022.0,121113.0,146.0,35.0,196.0,2132.0,167.0,73.0,32.0,19010.0,0,0,0,0,0,0,0,0,0,0,0,0,0,0,1,0,0,1,1,0
195,2010,ZALA,998,3783.89,290762.0,2154.0,7.0,36905.0,11724.0,11897.0,126325.0,517.0,118754.0,294.0,88380.0,168065.0,101695.0,1180.0,1022.0,121300.0,147.0,35.0,196.0,2108.0,169.0,75.0,35.0,17541.0,0,0,0,0,0,0,0,0,0,0,0,0,0,0,1,0,0,1,1,0
196,2011,ZALA,1296,3783.88,289180.0,2144.0,6.0,36238.0,14439.0,14627.0,127172.0,507.0,119006.0,857.0,89015.0,166310.0,99083.0,1192.0,1034.0,120503.0,146.0,35.0,189.0,2098.0,171.0,67.0,35.0,15173.0,0,0,0,0,0,0,0,0,0,0,0,0,0,0,1,0,0,1,1,0
197,2012,ZALA,802,3783.91,287719.0,2128.0,13.0,35777.0,14580.0,14692.0,127322.0,388.0,119576.0,475.0,92066.0,167846.0,97736.0,1192.0,1034.0,119942.0,146.0,34.0,193.0,2031.0,165.0,64.0,34.0,16216.0,0,0,0,0,0,0,0,0,0,0,0,0,0,0,1,0,0,1,1,0
198,2013,ZALA,475,3783.9,286331.0,2068.0,6.0,35382.0,13350.0,13963.0,127413.0,385.0,119391.0,630.0,92955.0,167717.0,98833.0,1192.0,1034.0,0.0,146.0,34.0,196.0,2041.0,163.0,64.0,33.0,13841.0,0,0,0,0,0,0,0,0,0,0,0,0,0,0,1,0,0,1,1,0
199,2014,ZALA,889,3783.54,285000.0,2190.0,9.0,35278.0,14818.0,15302.0,127564.0,369.0,119414.0,461.0,94602.0,167825.0,98047.0,1192.0,1034.0,0.0,144.0,35.0,198.0,2041.0,162.0,62.0,30.0,11094.0,0,0,0,0,0,0,0,0,0,0,0,0,0,0,1,0,0,1,1,0
